name,new_name,description,filter,scale,formula,comment
UNC_C_BOUNCE_CONTROL,,,,,,
UNC_C_CLOCKTICKS,,,,,,
UNC_C_COUNTER0_OCCUPANCY,,,,,,
UNC_C_FAST_ASSERTED,,,,,,
UNC_C_LLC_LOOKUP.DATA_READ,,,,,,
UNC_C_LLC_LOOKUP.WRITE,,,,,,
UNC_C_LLC_LOOKUP.REMOTE_SNOOP,,,,,,
UNC_C_LLC_LOOKUP.ANY,,All LLC Misses (code+ data rd + data wr - including demand and prefetch),:state=0x1,64,,
UNC_C_LLC_LOOKUP.NID,,,,,,
UNC_C_LLC_LOOKUP.READ,,,,,,
UNC_C_LLC_VICTIMS.M_STATE,,M line evictions from LLC (writebacks to memory),,64,,
UNC_C_LLC_VICTIMS.E_STATE,,,,,,
UNC_C_LLC_VICTIMS.I_STATE,,,,,,
UNC_C_LLC_VICTIMS.F_STATE,,,,,,
UNC_C_LLC_VICTIMS.NID,,,,,,
UNC_C_LLC_VICTIMS.MISS,,,,,,
UNC_C_MISC.RSPI_WAS_FSE,,,,,,
UNC_C_MISC.WC_ALIASING,,,,,,
UNC_C_MISC.STARTED,,,,,,
UNC_C_MISC.RFO_HIT_S,,,,,,
UNC_C_MISC.CVZERO_PREFETCH_VICTIM,,,,,,
UNC_C_MISC.CVZERO_PREFETCH_MISS,,,,,,
UNC_C_RING_AD_USED.UP_EVEN,,,,,,
UNC_C_RING_AD_USED.UP_ODD,,,,,,
UNC_C_RING_AD_USED.DOWN_EVEN,,,,,,
UNC_C_RING_AD_USED.DOWN_ODD,,,,,,
UNC_C_RING_AD_USED.UP,,,,,,
UNC_C_RING_AD_USED.DOWN,,,,,,
UNC_C_RING_AD_USED.ALL,,,,,,
UNC_C_RING_AK_USED.UP_EVEN,,,,,,
UNC_C_RING_AK_USED.UP_ODD,,,,,,
UNC_C_RING_AK_USED.DOWN_EVEN,,,,,,
UNC_C_RING_AK_USED.DOWN_ODD,,,,,,
UNC_C_RING_AK_USED.UP,,,,,,
UNC_C_RING_AK_USED.DOWN,,,,,,
UNC_C_RING_AK_USED.ALL,,,,,,
UNC_C_RING_BL_USED.UP_EVEN,,,,,,
UNC_C_RING_BL_USED.UP_ODD,,,,,,
UNC_C_RING_BL_USED.DOWN_EVEN,,,,,,
UNC_C_RING_BL_USED.DOWN_ODD,,,,,,
UNC_C_RING_BL_USED.UP,,,,,,
UNC_C_RING_BL_USED.DOWN,,,,,,
UNC_C_RING_BL_USED.ALL,,,,,,
UNC_C_RING_BOUNCES.AD,,,,,,
UNC_C_RING_BOUNCES.AK,,,,,,
UNC_C_RING_BOUNCES.BL,,,,,,
UNC_C_RING_BOUNCES.IV,,,,,,
UNC_C_RING_IV_USED.ANY,,,,,,
UNC_C_RING_IV_USED.UP,,,,,,
UNC_C_RING_IV_USED.DOWN,,,,,,
UNC_C_RING_IV_USED.DN,,,,,,
UNC_C_RING_SRC_THRTL,,,,,,
UNC_C_RxR_EXT_STARVED.IRQ,,,,,,
UNC_C_RxR_EXT_STARVED.IPQ,,,,,,
UNC_C_RxR_EXT_STARVED.PRQ,,,,,,
UNC_C_RxR_EXT_STARVED.ISMQ_BIDS,,,,,,
UNC_C_RxR_INSERTS.IRQ,,,,,,
UNC_C_RxR_INSERTS.IRQ_REJ,,,,,,
UNC_C_RxR_INSERTS.IPQ,,,,,,
UNC_C_RxR_INSERTS.PRQ,,,,,,
UNC_C_RxR_INSERTS.PRQ_REJ,,,,,,
UNC_C_RxR_IPQ_RETRY.ANY,,,,,,
UNC_C_RxR_IPQ_RETRY.FULL,,,,,,
UNC_C_RxR_IPQ_RETRY.ADDR_CONFLICT,,,,,,
UNC_C_RxR_IPQ_RETRY.QPI_CREDITS,,,,,,
UNC_C_RxR_IPQ_RETRY2.AD_SBO,,,,,,
UNC_C_RxR_IPQ_RETRY2.TARGET,,,,,,
UNC_C_RxR_IRQ_RETRY.ANY,,,,,,
UNC_C_RxR_IRQ_RETRY.FULL,,,,,,
UNC_C_RxR_IRQ_RETRY.ADDR_CONFLICT,,,,,,
UNC_C_RxR_IRQ_RETRY.RTID,,,,,,
UNC_C_RxR_IRQ_RETRY.QPI_CREDITS,,,,,,
UNC_C_RxR_IRQ_RETRY.IIO_CREDITS,,,,,,
UNC_C_RxR_IRQ_RETRY.NID,,,,,,
UNC_C_RxR_IRQ_RETRY2.AD_SBO,,,,,,
UNC_C_RxR_IRQ_RETRY2.BL_SBO,,,,,,
UNC_C_RxR_IRQ_RETRY2.TARGET,,,,,,
UNC_C_RxR_ISMQ_RETRY.ANY,,,,,,
UNC_C_RxR_ISMQ_RETRY.FULL,,,,,,
UNC_C_RxR_ISMQ_RETRY.RTID,,,,,,
UNC_C_RxR_ISMQ_RETRY.QPI_CREDITS,,,,,,
UNC_C_RxR_ISMQ_RETRY.IIO_CREDITS,,,,,,
UNC_C_RxR_ISMQ_RETRY.WB_CREDITS,,,,,,
UNC_C_RxR_ISMQ_RETRY.NID,,,,,,
UNC_C_RxR_ISMQ_RETRY2.AD_SBO,,,,,,
UNC_C_RxR_ISMQ_RETRY2.BL_SBO,,,,,,
UNC_C_RxR_ISMQ_RETRY2.TARGET,,,,,,
UNC_C_RxR_OCCUPANCY.IRQ,,,,,,
UNC_C_RxR_OCCUPANCY.IRQ_REJ,,,,,,
UNC_C_RxR_OCCUPANCY.IPQ,,,,,,
UNC_C_RxR_OCCUPANCY.PRQ_REJ,,,,,,
UNC_C_SBO_CREDITS_ACQUIRED.AD,,,,,,
UNC_C_SBO_CREDITS_ACQUIRED.BL,,,,,,
UNC_C_SBO_CREDIT_OCCUPANCY.AD,,,,,,
UNC_C_SBO_CREDIT_OCCUPANCY.BL,,,,,,
UNC_C_TOR_INSERTS.OPCODE,,,,,,
UNC_C_TOR_INSERTS.OPCODE,LLC_REFERENCES.PCIE_NS_PARTIAL_WRITE,PCIe writes (partial cache line),:opc=0x180:tid=0x3e,,,
UNC_C_TOR_INSERTS.OPCODE,LLC_REFERENCES.CODE_LLC_PREFETCH,L2 demand and L2 prefetch code references to LLC,:opc=0x181,64,,
UNC_C_TOR_INSERTS.OPCODE,LLC_REFERENCES.STREAMING_FULL,Streaming stores (full cache line),:opc=0x18c,64,,
UNC_C_TOR_INSERTS.OPCODE,LLC_REFERENCES.STREAMING_PARTIAL,Streaming stores (partial cache line),:opc=0x18d,64,,
UNC_C_TOR_INSERTS.OPCODE,LLC_REFERENCES.PCIE_READ,PCIe read current,:opc=0x19e,64,,
UNC_C_TOR_INSERTS.OPCODE,LLC_REFERENCES.PCIE_WRITE,PCIe write references (full cache line),:opc=0x1c8:tid=0x3e,64,,
UNC_C_TOR_INSERTS.EVICTION,,,,,,
UNC_C_TOR_INSERTS.ALL,,,,,,
UNC_C_TOR_INSERTS.WB,,,,,,
UNC_C_TOR_INSERTS.MISS_OPCODE,,,,,,
UNC_C_TOR_INSERTS.MISS_OPCODE,LLC_MISSES.DATA_READ,LLC misses - demand and prefetch data reads - excludes LLC prefetches,:opc=0x182,64,,
UNC_C_TOR_INSERTS.MISS_OPCODE,LLC_MISSES.UNCACHEABLE,LLC misses - Uncacheable reads (from cpu) ,:opc=0x187,64,,
UNC_C_TOR_INSERTS.MISS_OPCODE,LLC_MISSES.MMIO_READ,MMIO reads,:opc=0x187:nc=1,64,,
UNC_C_TOR_INSERTS.MISS_OPCODE,LLC_MISSES.MMIO_WRITE,MMIO writes,:opc=0x18f:nc=1,64,,
UNC_C_TOR_INSERTS.MISS_OPCODE,LLC_MISSES.RFO_LLC_PREFETCH,LLC prefetch misses for RFO,:opc=0x190,64,,
UNC_C_TOR_INSERTS.MISS_OPCODE,LLC_MISSES.CODE_LLC_PREFETCH,LLC prefetch misses for code reads,:opc=0x191,64,,
UNC_C_TOR_INSERTS.MISS_OPCODE,LLC_MISSES.DATA_LLC_PREFETCH,LLC prefetch misses for data reads,:opc=0x192,64,,
UNC_C_TOR_INSERTS.MISS_OPCODE,LLC_MISSES.PCIE_READ,LLC misses for PCIe read current,:opc=0x19e,64,,
UNC_C_TOR_INSERTS.MISS_OPCODE,LLC_MISSES.PCIE_WRITE,ItoM write misses (as part of fast string memcpy stores) + PCIe full line writes,:opc=0x1c8,64,,
UNC_C_TOR_INSERTS.MISS_OPCODE,LLC_MISSES.PCIE_NON_SNOOP_WRITE,PCIe write misses (full cache line),:opc=0x1c8:tid=0x3e,64,,
UNC_C_TOR_INSERTS.NID_OPCODE,,,,,,
UNC_C_TOR_INSERTS.NID_EVICTION,,,,,,
UNC_C_TOR_INSERTS.NID_ALL,,,,,,
UNC_C_TOR_INSERTS.NID_WB,,,,,,
UNC_C_TOR_INSERTS.NID_MISS_OPCODE,,,,,,
UNC_C_TOR_INSERTS.NID_MISS_ALL,,,,,,
UNC_C_TOR_INSERTS.MISS_LOCAL,,,,,,
UNC_C_TOR_INSERTS.MISS_REMOTE,,,,,,
UNC_C_TOR_INSERTS.LOCAL,,,,,,
UNC_C_TOR_INSERTS.REMOTE,,,,,,
UNC_C_TOR_INSERTS.MISS_LOCAL_OPCODE,,,,,,
UNC_C_TOR_INSERTS.MISS_REMOTE_OPCODE,,,,,,
UNC_C_TOR_INSERTS.LOCAL_OPCODE,,,,,,
UNC_C_TOR_INSERTS.REMOTE_OPCODE,,,,,,
UNC_C_TOR_OCCUPANCY.OPCODE,,,,,,
UNC_C_TOR_OCCUPANCY.EVICTION,,,,,,
UNC_C_TOR_OCCUPANCY.ALL,,,,,,
UNC_C_TOR_OCCUPANCY.MISS_OPCODE,UNC_C_TOR_OCCUPANCY.LLC_DATA_READ,Occupancy counter for LLC data reads (demand and L2 prefetch),:opc=0x182,,,
UNC_C_TOR_OCCUPANCY.MISS_ALL,,,,,,
UNC_C_TOR_OCCUPANCY.NID_OPCODE,,,,,,
UNC_C_TOR_OCCUPANCY.NID_EVICTION,,,,,,
UNC_C_TOR_OCCUPANCY.NID_ALL,,,,,,
UNC_C_TOR_OCCUPANCY.NID_MISS_OPCODE,,,,,,
UNC_C_TOR_OCCUPANCY.NID_MISS_ALL,,,,,,
UNC_C_TOR_OCCUPANCY.MISS_LOCAL,,,,,,
UNC_C_TOR_OCCUPANCY.MISS_REMOTE,,,,,,
UNC_C_TOR_OCCUPANCY.LOCAL,,,,,,
UNC_C_TOR_OCCUPANCY.REMOTE,,,,,,
UNC_C_TOR_OCCUPANCY.MISS_LOCAL_OPCODE,,,,,,
UNC_C_TOR_OCCUPANCY.MISS_REMOTE_OPCODE,,,,,,
UNC_C_TOR_OCCUPANCY.LOCAL_OPCODE,,,,,,
UNC_C_TOR_OCCUPANCY.REMOTE_OPCODE,,,,,,
UNC_C_TOR_OCCUPANCY.WB,,,,,,
UNC_C_TOR_OCCUPANCY.NID_WB,,,,,,
UNC_C_TxR_ADS_USED.AD,,,,,,
UNC_C_TxR_ADS_USED.AK,,,,,,
UNC_C_TxR_ADS_USED.BL,,,,,,
UNC_C_TxR_INSERTS.AD_CACHE,,,,,,
UNC_C_TxR_INSERTS.AK_CACHE,,,,,,
UNC_C_TxR_INSERTS.BL_CACHE,,,,,,
UNC_C_TxR_INSERTS.IV_CACHE,,,,,,
UNC_C_TxR_INSERTS.AD_CORE,,,,,,
UNC_C_TxR_INSERTS.AK_CORE,,,,,,
UNC_C_TxR_INSERTS.BL_CORE,,,,,,
UNC_C_QLRU.AGE0,,,,,,
UNC_C_QLRU.AGE1,,,,,,
UNC_C_QLRU.AGE2,,,,,,
UNC_C_QLRU.AGE3,,,,,,
UNC_C_QLRU.LRU_DECREMENT,,,,,,
UNC_C_QLRU.VICTIM_NON_ZERO,,,,,,
UNC_C_RING_SINK_STARVED.AD,,,,,,
UNC_C_RING_SINK_STARVED.AK,,,,,,
UNC_C_RING_SINK_STARVED.IV,,,,,,
UNC_C_RING_SINK_STARVED.BL,,,,,,
UNC_C_RxR_INT_STARVED.IRQ,,,,,,
UNC_C_RxR_INT_STARVED.IPQ,,,,,,
UNC_C_RxR_INT_STARVED.ISMQ,,,,,,
UNC_C_RxR_INT_STARVED.PRQ,,,,,,
UNC_C_TxR_STARVED.AK_BOTH,,,,,,
UNC_C_TxR_STARVED.BL_BOTH,,,,,,
UNC_C_TxR_STARVED.IV,,,,,,
UNC_C_TxR_STARVED.AD_CORE,,,,,,
UNC_H_ADDR_OPC_MATCH.FILT,,,,,,
UNC_H_ADDR_OPC_MATCH.ADDR,,,,,,
UNC_H_ADDR_OPC_MATCH.OPC,,,,,,
UNC_H_ADDR_OPC_MATCH.AD,,,,,,
UNC_H_ADDR_OPC_MATCH.BL,,,,,,
UNC_H_ADDR_OPC_MATCH.AK,,,,,,
UNC_H_BT_CYCLES_NE,,,,,,
UNC_H_BYPASS_IMC.TAKEN,,,,,,
UNC_H_BYPASS_IMC.NOT_TAKEN,,,,,,
UNC_H_CLOCKTICKS,,,,,,
UNC_H_DIRECT2CORE_COUNT,,,,,,
UNC_H_DIRECT2CORE_CYCLES_DISABLED,,,,,,
UNC_H_DIRECT2CORE_TXN_OVERRIDE,,,,,,
UNC_H_DIRECTORY_LAT_OPT,,,,,,
UNC_H_DIRECTORY_LOOKUP.SNP,,,,,,
UNC_H_DIRECTORY_LOOKUP.NO_SNP,,,,,,
UNC_H_DIRECTORY_UPDATE.SET,,,,,,
UNC_H_DIRECTORY_UPDATE.CLEAR,,,,,,
UNC_H_DIRECTORY_UPDATE.ANY,,,,,,
UNC_H_HITME_HIT.READ_OR_INVITOE,,,,,,
UNC_H_HITME_HIT.WBMTOI,,,,,,
UNC_H_HITME_HIT.ACKCNFLTWBI,,,,,,
UNC_H_HITME_HIT.WBMTOE_OR_S,,,,,,
UNC_H_HITME_HIT.RSPFWDI_REMOTE,,,,,,
UNC_H_HITME_HIT.RSPFWDI_LOCAL,,,,,,
UNC_H_HITME_HIT.RSPFWDS,,,,,,
UNC_H_HITME_HIT.RSP,,,,,,
UNC_H_HITME_HIT.ALLOCS,,,,,,
UNC_H_HITME_HIT.EVICTS,,,,,,
UNC_H_HITME_HIT.INVALS,,,,,,
UNC_H_HITME_HIT.ALL,,,,,,
UNC_H_HITME_HIT.HOM,,,,,,
UNC_H_HITME_HIT_PV_BITS_SET.READ_OR_INVITOE,,,,,,
UNC_H_HITME_HIT_PV_BITS_SET.WBMTOI,,,,,,
UNC_H_HITME_HIT_PV_BITS_SET.ACKCNFLTWBI,,,,,,
UNC_H_HITME_HIT_PV_BITS_SET.WBMTOE_OR_S,,,,,,
UNC_H_HITME_HIT_PV_BITS_SET.RSPFWDI_REMOTE,,,,,,
UNC_H_HITME_HIT_PV_BITS_SET.RSPFWDI_LOCAL,,,,,,
UNC_H_HITME_HIT_PV_BITS_SET.RSPFWDS,,,,,,
UNC_H_HITME_HIT_PV_BITS_SET.RSP,,,,,,
UNC_H_HITME_HIT_PV_BITS_SET.ALL,,,,,,
UNC_H_HITME_HIT_PV_BITS_SET.HOM,,,,,,
UNC_H_HITME_LOOKUP.READ_OR_INVITOE,,,,,,
UNC_H_HITME_LOOKUP.WBMTOI,,,,,,
UNC_H_HITME_LOOKUP.ACKCNFLTWBI,,,,,,
UNC_H_HITME_LOOKUP.WBMTOE_OR_S,,,,,,
UNC_H_HITME_LOOKUP.RSPFWDI_REMOTE,,,,,,
UNC_H_HITME_LOOKUP.RSPFWDI_LOCAL,,,,,,
UNC_H_HITME_LOOKUP.RSPFWDS,,,,,,
UNC_H_HITME_LOOKUP.RSP,,,,,,
UNC_H_HITME_LOOKUP.ALLOCS,,,,,,
UNC_H_HITME_LOOKUP.INVALS,,,,,,
UNC_H_HITME_LOOKUP.ALL,,,,,,
UNC_H_HITME_LOOKUP.HOM,,,,,,
UNC_H_IGR_NO_CREDIT_CYCLES.AD_QPI0,,,,,,
UNC_H_IGR_NO_CREDIT_CYCLES.AD_QPI1,,,,,,
UNC_H_IGR_NO_CREDIT_CYCLES.BL_QPI0,,,,,,
UNC_H_IGR_NO_CREDIT_CYCLES.BL_QPI1,,,,,,
UNC_H_IGR_NO_CREDIT_CYCLES.AD_QPI2,,,,,,
UNC_H_IGR_NO_CREDIT_CYCLES.BL_QPI2,,,,,,
UNC_H_IMC_READS.NORMAL,,,,,,
UNC_H_IMC_RETRY,,,,,,
UNC_H_IMC_WRITES.FULL,,,,,,
UNC_H_IMC_WRITES.PARTIAL,,,,,,
UNC_H_IMC_WRITES.FULL_ISOCH,,,,,,
UNC_H_IMC_WRITES.PARTIAL_ISOCH,,,,,,
UNC_H_IMC_WRITES.ALL,,,,,,
UNC_H_OSB.READS_LOCAL,,,,,,
UNC_H_OSB.INVITOE_LOCAL,,,,,,
UNC_H_OSB.REMOTE,,,,,,
UNC_H_OSB.CANCELLED,,,,,,
UNC_H_OSB.READS_LOCAL_USEFUL,,,,,,
UNC_H_OSB.REMOTE_USEFUL,,,,,,
UNC_H_OSB_EDR.ALL,,,,,,
UNC_H_OSB_EDR.READS_LOCAL_I,,,,,,
UNC_H_OSB_EDR.READS_REMOTE_I,,,,,,
UNC_H_OSB_EDR.READS_LOCAL_S,,,,,,
UNC_H_OSB_EDR.READS_REMOTE_S,,,,,,
UNC_H_REQUESTS.READS,,,,,,
UNC_H_REQUESTS.WRITES,,,,,,
UNC_H_REQUESTS.READS_LOCAL,,,,,,
UNC_H_REQUESTS.READS_REMOTE,,,,,,
UNC_H_REQUESTS.WRITES_LOCAL,,,,,,
UNC_H_REQUESTS.WRITES_REMOTE,,,,,,
UNC_H_REQUESTS.INVITOE_LOCAL,,,,,,
UNC_H_REQUESTS.INVITOE_REMOTE,,,,,,
UNC_H_RING_AD_USED.CW_EVEN,,,,,,
UNC_H_RING_AD_USED.CW_ODD,,,,,,
UNC_H_RING_AD_USED.CCW_EVEN,,,,,,
UNC_H_RING_AD_USED.CCW_ODD,,,,,,
UNC_H_RING_AD_USED.CW,,,,,,
UNC_H_RING_AD_USED.CCW,,,,,,
UNC_H_RING_AK_USED.CW_EVEN,,,,,,
UNC_H_RING_AK_USED.CW_ODD,,,,,,
UNC_H_RING_AK_USED.CCW_EVEN,,,,,,
UNC_H_RING_AK_USED.CCW_ODD,,,,,,
UNC_H_RING_AK_USED.CW,,,,,,
UNC_H_RING_AK_USED.CCW,,,,,,
UNC_H_RING_BL_USED.CW_EVEN,,,,,,
UNC_H_RING_BL_USED.CW_ODD,,,,,,
UNC_H_RING_BL_USED.CCW_EVEN,,,,,,
UNC_H_RING_BL_USED.CCW_ODD,,,,,,
UNC_H_RING_BL_USED.CW,,,,,,
UNC_H_RING_BL_USED.CCW,,,,,,
UNC_H_RPQ_CYCLES_NO_REG_CREDITS.CHN0,,,,,,
UNC_H_RPQ_CYCLES_NO_REG_CREDITS.CHN1,,,,,,
UNC_H_RPQ_CYCLES_NO_REG_CREDITS.CHN2,,,,,,
UNC_H_RPQ_CYCLES_NO_REG_CREDITS.CHN3,,,,,,
UNC_H_SBO0_CREDITS_ACQUIRED.AD,,,,,,
UNC_H_SBO0_CREDITS_ACQUIRED.BL,,,,,,
UNC_H_SBO0_CREDIT_OCCUPANCY.AD,,,,,,
UNC_H_SBO0_CREDIT_OCCUPANCY.BL,,,,,,
UNC_H_SBO1_CREDITS_ACQUIRED.AD,,,,,,
UNC_H_SBO1_CREDITS_ACQUIRED.BL,,,,,,
UNC_H_SBO1_CREDIT_OCCUPANCY.AD,,,,,,
UNC_H_SBO1_CREDIT_OCCUPANCY.BL,,,,,,
UNC_H_SNOOPS_RSP_AFTER_DATA.LOCAL,,,,,,
UNC_H_SNOOPS_RSP_AFTER_DATA.REMOTE,,,,,,
UNC_H_SNOOP_CYCLES_NE.LOCAL,,,,,,
UNC_H_SNOOP_CYCLES_NE.REMOTE,,,,,,
UNC_H_SNOOP_CYCLES_NE.ALL,,,,,,
UNC_H_SNOOP_OCCUPANCY.LOCAL,,,,,,
UNC_H_SNOOP_OCCUPANCY.REMOTE,,,,,,
UNC_H_SNOOP_RESP.RSPI,,,,,,
UNC_H_SNOOP_RESP.RSPS,,Shared line response from remote cache,,64,,
UNC_H_SNOOP_RESP.RSPIFWD,,M line forwarded from remote cache with no writeback to memory,,64,,
UNC_H_SNOOP_RESP.RSPSFWD,,Shared line forwarded from remote cache,,64,,
UNC_H_SNOOP_RESP.RSP_WB,,,,,,
UNC_H_SNOOP_RESP.RSP_FWD_WB,,M line forwarded from remote cache along with writeback to memory,,64,,
UNC_H_SNOOP_RESP.RSPCNFLCT,,,,,,
UNC_H_SNP_RESP_RECV_LOCAL.RSPI,,,,,,
UNC_H_SNP_RESP_RECV_LOCAL.RSPS,,,,,,
UNC_H_SNP_RESP_RECV_LOCAL.RSPIFWD,,,,,,
UNC_H_SNP_RESP_RECV_LOCAL.RSPSFWD,,,,,,
UNC_H_SNP_RESP_RECV_LOCAL.RSPxWB,,,,,,
UNC_H_SNP_RESP_RECV_LOCAL.RSPxFWDxWB,,,,,,
UNC_H_SNP_RESP_RECV_LOCAL.RSPCNFLCT,,,,,,
UNC_H_SNP_RESP_RECV_LOCAL.OTHER,,,,,,
UNC_H_STALL_NO_SBO_CREDIT.SBO0_AD,,,,,,
UNC_H_STALL_NO_SBO_CREDIT.SBO1_AD,,,,,,
UNC_H_STALL_NO_SBO_CREDIT.SBO0_BL,,,,,,
UNC_H_STALL_NO_SBO_CREDIT.SBO1_BL,,,,,,
UNC_H_TAD_REQUESTS_G0.REGION0,,,,,,
UNC_H_TAD_REQUESTS_G0.REGION1,,,,,,
UNC_H_TAD_REQUESTS_G0.REGION2,,,,,,
UNC_H_TAD_REQUESTS_G0.REGION3,,,,,,
UNC_H_TAD_REQUESTS_G0.REGION4,,,,,,
UNC_H_TAD_REQUESTS_G0.REGION5,,,,,,
UNC_H_TAD_REQUESTS_G0.REGION6,,,,,,
UNC_H_TAD_REQUESTS_G0.REGION7,,,,,,
UNC_H_TAD_REQUESTS_G1.REGION8,,,,,,
UNC_H_TAD_REQUESTS_G1.REGION9,,,,,,
UNC_H_TAD_REQUESTS_G1.REGION10,,,,,,
UNC_H_TAD_REQUESTS_G1.REGION11,,,,,,
UNC_H_TRACKER_CYCLES_FULL.GP,,,,,,
UNC_H_TRACKER_CYCLES_FULL.ALL,,,,,,
UNC_H_TRACKER_CYCLES_NE.LOCAL,,,,,,
UNC_H_TRACKER_CYCLES_NE.REMOTE,,,,,,
UNC_H_TRACKER_CYCLES_NE.ALL,,,,,,
UNC_H_TRACKER_OCCUPANCY.READS_LOCAL,,,,,,
UNC_H_TRACKER_OCCUPANCY.READS_REMOTE,,,,,,
UNC_H_TRACKER_OCCUPANCY.WRITES_LOCAL,,,,,,
UNC_H_TRACKER_OCCUPANCY.WRITES_REMOTE,,,,,,
UNC_H_TRACKER_OCCUPANCY.INVITOE_LOCAL,,,,,,
UNC_H_TRACKER_OCCUPANCY.INVITOE_REMOTE,,,,,,
UNC_H_TRACKER_PENDING_OCCUPANCY.LOCAL,,,,,,
UNC_H_TRACKER_PENDING_OCCUPANCY.REMOTE,,,,,,
UNC_H_TxR_AD_CYCLES_FULL.SCHED0,,,,,,
UNC_H_TxR_AD_CYCLES_FULL.SCHED1,,,,,,
UNC_H_TxR_AD_CYCLES_FULL.ALL,,,,,,
UNC_H_TxR_AK_CYCLES_FULL.SCHED0,,,,,,
UNC_H_TxR_AK_CYCLES_FULL.SCHED1,,,,,,
UNC_H_TxR_AK_CYCLES_FULL.ALL,,,,,,
UNC_H_TxR_BL.DRS_CACHE,,,,,,
UNC_H_TxR_BL.DRS_CORE,,,,,,
UNC_H_TxR_BL.DRS_QPI,,,,,,
UNC_H_TxR_BL_CYCLES_FULL.SCHED0,,,,,,
UNC_H_TxR_BL_CYCLES_FULL.SCHED1,,,,,,
UNC_H_TxR_BL_CYCLES_FULL.ALL,,,,,,
UNC_H_TxR_STARVED.AK,,,,,,
UNC_H_TxR_STARVED.BL,,,,,,
UNC_H_WPQ_CYCLES_NO_REG_CREDITS.CHN0,,,,,,
UNC_H_WPQ_CYCLES_NO_REG_CREDITS.CHN1,,,,,,
UNC_H_WPQ_CYCLES_NO_REG_CREDITS.CHN2,,,,,,
UNC_H_WPQ_CYCLES_NO_REG_CREDITS.CHN3,,,,,,
UNC_H_BT_TO_HT_NOT_ISSUED.INCOMING_SNP_HAZARD,,,,,,
UNC_H_BT_TO_HT_NOT_ISSUED.INCOMING_BL_HAZARD,,,,,,
UNC_H_BT_TO_HT_NOT_ISSUED.RSPACKCFLT_HAZARD,,,,,,
UNC_H_BT_TO_HT_NOT_ISSUED.WBMDATA_HAZARD,,,,,,
UNC_H_IOT_BACKPRESSURE.SAT,,,,,,
UNC_H_IOT_BACKPRESSURE.HUB,,,,,,
UNC_H_IOT_CTS_EAST_LO.CTS0,,,,,,
UNC_H_IOT_CTS_EAST_LO.CTS1,,,,,,
UNC_H_IOT_CTS_HI.CTS2,,,,,,
UNC_H_IOT_CTS_HI.CTS3,,,,,,
UNC_H_IOT_CTS_WEST_LO.CTS0,,,,,,
UNC_H_IOT_CTS_WEST_LO.CTS1,,,,,,
UNC_H_RPQ_CYCLES_NO_SPEC_CREDITS.CHN0,,,,,,
UNC_H_RPQ_CYCLES_NO_SPEC_CREDITS.CHN1,,,,,,
UNC_H_RPQ_CYCLES_NO_SPEC_CREDITS.CHN2,,,,,,
UNC_H_RPQ_CYCLES_NO_SPEC_CREDITS.CHN3,,,,,,
UNC_H_TxR_AD.HOM,,,,,,
UNC_H_TxR_AD_CYCLES_NE.SCHED0,,,,,,
UNC_H_TxR_AD_CYCLES_NE.SCHED1,,,,,,
UNC_H_TxR_AD_CYCLES_NE.ALL,,,,,,
UNC_H_TxR_AD_INSERTS.SCHED0,,,,,,
UNC_H_TxR_AD_INSERTS.SCHED1,,,,,,
UNC_H_TxR_AD_INSERTS.ALL,,,,,,
UNC_H_TxR_AK_CYCLES_NE.SCHED0,,,,,,
UNC_H_TxR_AK_CYCLES_NE.SCHED1,,,,,,
UNC_H_TxR_AK_CYCLES_NE.ALL,,,,,,
UNC_H_TxR_AK_INSERTS.SCHED0,,,,,,
UNC_H_TxR_AK_INSERTS.SCHED1,,,,,,
UNC_H_TxR_AK_INSERTS.ALL,,,,,,
UNC_H_TxR_BL_CYCLES_NE.SCHED0,,,,,,
UNC_H_TxR_BL_CYCLES_NE.SCHED1,,,,,,
UNC_H_TxR_BL_CYCLES_NE.ALL,,,,,,
UNC_H_TxR_BL_INSERTS.SCHED0,,,,,,
UNC_H_TxR_BL_INSERTS.SCHED1,,,,,,
UNC_H_TxR_BL_INSERTS.ALL,,,,,,
UNC_H_WPQ_CYCLES_NO_SPEC_CREDITS.CHN0,,,,,,
UNC_H_WPQ_CYCLES_NO_SPEC_CREDITS.CHN1,,,,,,
UNC_H_WPQ_CYCLES_NO_SPEC_CREDITS.CHN2,,,,,,
UNC_H_WPQ_CYCLES_NO_SPEC_CREDITS.CHN3,,,,,,
UNC_H_RING_AK_USED.ALL,,,,,,
UNC_H_RING_BL_USED.ALL,,,,,,
UNC_I_CACHE_TOTAL_OCCUPANCY.ANY,,,,,,
UNC_I_CACHE_TOTAL_OCCUPANCY.SOURCE,,,,,,
UNC_I_CLOCKTICKS,,,,,,
UNC_I_COHERENT_OPS.PCIRDCUR,,,,,,
UNC_I_COHERENT_OPS.CRD,,,,,,
UNC_I_COHERENT_OPS.DRD,,,,,,
UNC_I_COHERENT_OPS.RFO,,,,,,
UNC_I_COHERENT_OPS.PCITOM,,,,,,
UNC_I_COHERENT_OPS.PCIDCAHINT,,,,,,
UNC_I_COHERENT_OPS.WBMTOI,,,,,,
UNC_I_COHERENT_OPS.CLFLUSH,,,,,,
UNC_I_MISC0.FAST_REQ,,,,,,
UNC_I_MISC0.FAST_REJ,,,,,,
UNC_I_MISC0.2ND_RD_INSERT,,,,,,
UNC_I_MISC0.2ND_WR_INSERT,,,,,,
UNC_I_MISC0.2ND_ATOMIC_INSERT,,,,,,
UNC_I_MISC0.FAST_XFER,,,,,,
UNC_I_MISC0.PF_ACK_HINT,,,,,,
UNC_I_MISC0.PF_TIMEOUT,,,,,,
UNC_I_MISC1.SLOW_I,,,,,,
UNC_I_MISC1.SLOW_S,,,,,,
UNC_I_MISC1.SLOW_E,,,,,,
UNC_I_MISC1.SLOW_M,,,,,,
UNC_I_MISC1.LOST_FWD,,,,,,
UNC_I_MISC1.SEC_RCVD_INVLD,,,,,,
UNC_I_MISC1.SEC_RCVD_VLD,,,,,,
UNC_I_MISC1.DATA_THROTTLE,,,,,,
UNC_I_RxR_AK_INSERTS,,,,,,
UNC_I_RxR_BL_DRS_CYCLES_FULL,,,,,,
UNC_I_RxR_BL_DRS_INSERTS,,,,,,
UNC_I_RxR_BL_DRS_OCCUPANCY,,,,,,
UNC_I_RxR_BL_NCB_CYCLES_FULL,,,,,,
UNC_I_RxR_BL_NCB_INSERTS,,,,,,
UNC_I_RxR_BL_NCB_OCCUPANCY,,,,,,
UNC_I_RxR_BL_NCS_CYCLES_FULL,,,,,,
UNC_I_RxR_BL_NCS_INSERTS,,,,,,
UNC_I_RxR_BL_NCS_OCCUPANCY,,,,,,
UNC_I_SNOOP_RESP.MISS,,,,,,
UNC_I_SNOOP_RESP.HIT_I,,,,,,
UNC_I_SNOOP_RESP.HIT_ES,,,,,,
UNC_I_SNOOP_RESP.HIT_M,,,,,,
UNC_I_SNOOP_RESP.SNPCODE,,,,,,
UNC_I_SNOOP_RESP.SNPDATA,,,,,,
UNC_I_SNOOP_RESP.SNPINV,,,,,,
UNC_I_TRANSACTIONS.READS,,,,,,
UNC_I_TRANSACTIONS.WRITES,,,,,,
UNC_I_TRANSACTIONS.RD_PREF,,,,,,
UNC_I_TRANSACTIONS.WR_PREF,,,,,,
UNC_I_TRANSACTIONS.ATOMIC,,,,,,
UNC_I_TRANSACTIONS.OTHER,,,,,,
UNC_I_TRANSACTIONS.ORDERINGQ,,,,,,
UNC_I_TxR_AD_STALL_CREDIT_CYCLES,,,,,,
UNC_I_TxR_BL_STALL_CREDIT_CYCLES,,,,,,
UNC_I_TxR_DATA_INSERTS_NCB,,,,,,
UNC_I_TxR_DATA_INSERTS_NCS,,,,,,
UNC_I_TxR_REQUEST_OCCUPANCY,,,,,,
UNC_P_CLOCKTICKS,,,,,,
UNC_P_CORE0_TRANSITION_CYCLES,,,,,,
UNC_P_CORE10_TRANSITION_CYCLES,,,,,,
UNC_P_CORE11_TRANSITION_CYCLES,,,,,,
UNC_P_CORE12_TRANSITION_CYCLES,,,,,,
UNC_P_CORE13_TRANSITION_CYCLES,,,,,,
UNC_P_CORE14_TRANSITION_CYCLES,,,,,,
UNC_P_CORE15_TRANSITION_CYCLES,,,,,,
UNC_P_CORE16_TRANSITION_CYCLES,,,,,,
UNC_P_CORE17_TRANSITION_CYCLES,,,,,,
UNC_P_CORE1_TRANSITION_CYCLES,,,,,,
UNC_P_CORE2_TRANSITION_CYCLES,,,,,,
UNC_P_CORE3_TRANSITION_CYCLES,,,,,,
UNC_P_CORE4_TRANSITION_CYCLES,,,,,,
UNC_P_CORE5_TRANSITION_CYCLES,,,,,,
UNC_P_CORE6_TRANSITION_CYCLES,,,,,,
UNC_P_CORE7_TRANSITION_CYCLES,,,,,,
UNC_P_CORE8_TRANSITION_CYCLES,,,,,,
UNC_P_CORE9_TRANSITION_CYCLES,,,,,,
UNC_P_DEMOTIONS_CORE0,,,,,,
UNC_P_DEMOTIONS_CORE1,,,,,,
UNC_P_DEMOTIONS_CORE10,,,,,,
UNC_P_DEMOTIONS_CORE11,,,,,,
UNC_P_DEMOTIONS_CORE12,,,,,,
UNC_P_DEMOTIONS_CORE13,,,,,,
UNC_P_DEMOTIONS_CORE14,,,,,,
UNC_P_DEMOTIONS_CORE15,,,,,,
UNC_P_DEMOTIONS_CORE16,,,,,,
UNC_P_DEMOTIONS_CORE17,,,,,,
UNC_P_DEMOTIONS_CORE2,,,,,,
UNC_P_DEMOTIONS_CORE3,,,,,,
UNC_P_DEMOTIONS_CORE4,,,,,,
UNC_P_DEMOTIONS_CORE5,,,,,,
UNC_P_DEMOTIONS_CORE6,,,,,,
UNC_P_DEMOTIONS_CORE7,,,,,,
UNC_P_DEMOTIONS_CORE8,,,,,,
UNC_P_DEMOTIONS_CORE9,,,,,,
UNC_P_FREQ_MAX_LIMIT_THERMAL_CYCLES,,,,,,
UNC_P_FREQ_MAX_OS_CYCLES,,,,,,
UNC_P_FREQ_MAX_POWER_CYCLES,,,,,,
UNC_P_FREQ_MIN_IO_P_CYCLES,,,,,,
UNC_P_FREQ_TRANS_CYCLES,,,,,,
UNC_P_MEMORY_PHASE_SHEDDING_CYCLES,,,,,,
UNC_P_POWER_STATE_OCCUPANCY.CORES_C0,,,,,,
UNC_P_POWER_STATE_OCCUPANCY.CORES_C3,,,,,,
UNC_P_POWER_STATE_OCCUPANCY.CORES_C6,,,,,,
UNC_P_PROCHOT_EXTERNAL_CYCLES,,,,,,
UNC_P_PROCHOT_INTERNAL_CYCLES,,,,,,
UNC_P_TOTAL_TRANSITION_CYCLES,,,,,,
UNC_P_UFS_TRANSITIONS_RING_GV,,,,,,
UNC_P_VR_HOT_CYCLES,,,,,,
UNC_P_PKG_RESIDENCY_C0_CYCLES,,,,,,
UNC_P_PKG_RESIDENCY_C2E_CYCLES,,,,,,
UNC_P_PKG_RESIDENCY_C3_CYCLES,,,,,,
UNC_P_PKG_RESIDENCY_C6_CYCLES,,,,,,
UNC_P_PKG_RESIDENCY_C7_CYCLES,,,,,,
UNC_P_PKG_RESIDENCY_C1E_CYCLES,,,,,,
UNC_Q_CLOCKTICKS,,,,,,
UNC_Q_CTO_COUNT,,,,,,
UNC_Q_DIRECT2CORE.SUCCESS_RBT_HIT,,,,,,
UNC_Q_DIRECT2CORE.FAILURE_CREDITS,,,,,,
UNC_Q_DIRECT2CORE.FAILURE_RBT_HIT,,,,,,
UNC_Q_DIRECT2CORE.FAILURE_CREDITS_RBT,,,,,,
UNC_Q_DIRECT2CORE.FAILURE_MISS,,,,,,
UNC_Q_DIRECT2CORE.FAILURE_CREDITS_MISS,,,,,,
UNC_Q_DIRECT2CORE.FAILURE_RBT_MISS,,,,,,
UNC_Q_DIRECT2CORE.FAILURE_CREDITS_RBT_MISS,,,,,,
UNC_Q_L1_POWER_CYCLES,,,,,,
UNC_Q_RxL0P_POWER_CYCLES,,,,,,
UNC_Q_RxL0_POWER_CYCLES,,,,,,
UNC_Q_RxL_BYPASSED,,,,,,
UNC_Q_RxL_CREDITS_CONSUMED_VN0.DRS,,,,,,
UNC_Q_RxL_CREDITS_CONSUMED_VN0.NCB,,,,,,
UNC_Q_RxL_CREDITS_CONSUMED_VN0.NCS,,,,,,
UNC_Q_RxL_CREDITS_CONSUMED_VN0.HOM,,,,,,
UNC_Q_RxL_CREDITS_CONSUMED_VN0.SNP,,,,,,
UNC_Q_RxL_CREDITS_CONSUMED_VN0.NDR,,,,,,
UNC_Q_RxL_CREDITS_CONSUMED_VN1.DRS,,,,,,
UNC_Q_RxL_CREDITS_CONSUMED_VN1.NCB,,,,,,
UNC_Q_RxL_CREDITS_CONSUMED_VN1.NCS,,,,,,
UNC_Q_RxL_CREDITS_CONSUMED_VN1.HOM,,,,,,
UNC_Q_RxL_CREDITS_CONSUMED_VN1.SNP,,,,,,
UNC_Q_RxL_CREDITS_CONSUMED_VN1.NDR,,,,,,
UNC_Q_RxL_CREDITS_CONSUMED_VNA,,,,,,
UNC_Q_RxL_CYCLES_NE,,,,,,
UNC_Q_RxL_FLITS_G0.IDLE,,,,,,
UNC_Q_RxL_FLITS_G1.SNP,,,,,,
UNC_Q_RxL_FLITS_G1.HOM_REQ,,,,,,
UNC_Q_RxL_FLITS_G1.HOM_NONREQ,,,,,,
UNC_Q_RxL_FLITS_G1.HOM,,,,,,
UNC_Q_RxL_FLITS_G1.DRS_DATA,,,,,,
UNC_Q_RxL_FLITS_G1.DRS_NONDATA,,,,,,
UNC_Q_RxL_FLITS_G1.DRS,,,,,,
UNC_Q_RxL_FLITS_G2.NDR_AD,,,,,,
UNC_Q_RxL_FLITS_G2.NDR_AK,,,,,,
UNC_Q_RxL_FLITS_G2.NCB_DATA,,,,,,
UNC_Q_RxL_FLITS_G2.NCB_NONDATA,,,,,,
UNC_Q_RxL_FLITS_G2.NCB,,,,,,
UNC_Q_RxL_FLITS_G2.NCS,,,,,,
UNC_Q_RxL_INSERTS,,,,,,
UNC_Q_RxL_INSERTS_DRS.VN0,,,,,,
UNC_Q_RxL_INSERTS_DRS.VN1,,,,,,
UNC_Q_RxL_INSERTS_HOM.VN0,,,,,,
UNC_Q_RxL_INSERTS_HOM.VN1,,,,,,
UNC_Q_RxL_INSERTS_NCB.VN0,,,,,,
UNC_Q_RxL_INSERTS_NCB.VN1,,,,,,
UNC_Q_RxL_INSERTS_NCS.VN0,,,,,,
UNC_Q_RxL_INSERTS_NCS.VN1,,,,,,
UNC_Q_RxL_INSERTS_NDR.VN0,,,,,,
UNC_Q_RxL_INSERTS_NDR.VN1,,,,,,
UNC_Q_RxL_INSERTS_SNP.VN0,,,,,,
UNC_Q_RxL_INSERTS_SNP.VN1,,,,,,
UNC_Q_RxL_OCCUPANCY,,,,,,
UNC_Q_RxL_OCCUPANCY_DRS.VN0,,,,,,
UNC_Q_RxL_OCCUPANCY_DRS.VN1,,,,,,
UNC_Q_RxL_OCCUPANCY_HOM.VN0,,,,,,
UNC_Q_RxL_OCCUPANCY_HOM.VN1,,,,,,
UNC_Q_RxL_OCCUPANCY_NCB.VN0,,,,,,
UNC_Q_RxL_OCCUPANCY_NCB.VN1,,,,,,
UNC_Q_RxL_OCCUPANCY_NCS.VN0,,,,,,
UNC_Q_RxL_OCCUPANCY_NCS.VN1,,,,,,
UNC_Q_RxL_OCCUPANCY_NDR.VN0,,,,,,
UNC_Q_RxL_OCCUPANCY_NDR.VN1,,,,,,
UNC_Q_RxL_OCCUPANCY_SNP.VN0,,,,,,
UNC_Q_RxL_OCCUPANCY_SNP.VN1,,,,,,
UNC_Q_TxL0P_POWER_CYCLES,,,,,,
UNC_Q_TxL0_POWER_CYCLES,,,,,,
UNC_Q_TxL_BYPASSED,,,,,,
UNC_Q_TxL_CYCLES_NE,,,,,,
UNC_Q_TxL_FLITS_G0.DATA,,,,,,
UNC_Q_TxL_FLITS_G0.DATA,QPI_DATA_BANDWIDTH_TX,Number of data flits transmitted ,,8,,
UNC_Q_TxL_FLITS_G0.NON_DATA,,,,,,
UNC_Q_TxL_FLITS_G0.NON_DATA,QPI_CTL_BANDWIDTH_TX,Number of non data (control) flits transmitted ,,8,,
UNC_Q_TxL_FLITS_G1.SNP,,,,,,
UNC_Q_TxL_FLITS_G1.HOM_REQ,,,,,,
UNC_Q_TxL_FLITS_G1.HOM_NONREQ,,,,,,
UNC_Q_TxL_FLITS_G1.HOM,,,,,,
UNC_Q_TxL_FLITS_G1.DRS_DATA,,,,,,
UNC_Q_TxL_FLITS_G1.DRS_NONDATA,,,,,,
UNC_Q_TxL_FLITS_G1.DRS,,,,,,
UNC_Q_TxL_FLITS_G2.NDR_AD,,,,,,
UNC_Q_TxL_FLITS_G2.NDR_AK,,,,,,
UNC_Q_TxL_FLITS_G2.NCB_DATA,,,,,,
UNC_Q_TxL_FLITS_G2.NCB_NONDATA,,,,,,
UNC_Q_TxL_FLITS_G2.NCB,,,,,,
UNC_Q_TxL_FLITS_G2.NCS,,,,,,
UNC_Q_TxL_INSERTS,,,,,,
UNC_Q_TxL_OCCUPANCY,,,,,,
UNC_Q_TxR_AD_HOM_CREDIT_ACQUIRED.VN0,,,,,,
UNC_Q_TxR_AD_HOM_CREDIT_ACQUIRED.VN1,,,,,,
UNC_Q_TxR_AD_HOM_CREDIT_OCCUPANCY.VN0,,,,,,
UNC_Q_TxR_AD_HOM_CREDIT_OCCUPANCY.VN1,,,,,,
UNC_Q_TxR_AD_NDR_CREDIT_ACQUIRED.VN0,,,,,,
UNC_Q_TxR_AD_NDR_CREDIT_ACQUIRED.VN1,,,,,,
UNC_Q_TxR_AD_NDR_CREDIT_OCCUPANCY.VN0,,,,,,
UNC_Q_TxR_AD_NDR_CREDIT_OCCUPANCY.VN1,,,,,,
UNC_Q_TxR_AD_SNP_CREDIT_ACQUIRED.VN0,,,,,,
UNC_Q_TxR_AD_SNP_CREDIT_ACQUIRED.VN1,,,,,,
UNC_Q_TxR_AD_SNP_CREDIT_OCCUPANCY.VN0,,,,,,
UNC_Q_TxR_AD_SNP_CREDIT_OCCUPANCY.VN1,,,,,,
UNC_Q_TxR_AK_NDR_CREDIT_ACQUIRED,,,,,,
UNC_Q_TxR_AK_NDR_CREDIT_OCCUPANCY,,,,,,
UNC_Q_TxR_BL_DRS_CREDIT_ACQUIRED.VN0,,,,,,
UNC_Q_TxR_BL_DRS_CREDIT_ACQUIRED.VN1,,,,,,
UNC_Q_TxR_BL_DRS_CREDIT_ACQUIRED.VN_SHR,,,,,,
UNC_Q_TxR_BL_DRS_CREDIT_OCCUPANCY.VN0,,,,,,
UNC_Q_TxR_BL_DRS_CREDIT_OCCUPANCY.VN1,,,,,,
UNC_Q_TxR_BL_DRS_CREDIT_OCCUPANCY.VN_SHR,,,,,,
UNC_Q_TxR_BL_NCB_CREDIT_ACQUIRED.VN0,,,,,,
UNC_Q_TxR_BL_NCB_CREDIT_ACQUIRED.VN1,,,,,,
UNC_Q_TxR_BL_NCB_CREDIT_OCCUPANCY.VN0,,,,,,
UNC_Q_TxR_BL_NCB_CREDIT_OCCUPANCY.VN1,,,,,,
UNC_Q_TxR_BL_NCS_CREDIT_ACQUIRED.VN0,,,,,,
UNC_Q_TxR_BL_NCS_CREDIT_ACQUIRED.VN1,,,,,,
UNC_Q_TxR_BL_NCS_CREDIT_OCCUPANCY.VN0,,,,,,
UNC_Q_TxR_BL_NCS_CREDIT_OCCUPANCY.VN1,,,,,,
UNC_Q_VNA_CREDIT_RETURNS,,,,,,
UNC_Q_VNA_CREDIT_RETURN_OCCUPANCY,,,,,,
UNC_Q_RxL_CRC_ERRORS.LINK_INIT,,,,,,
UNC_Q_RxL_CRC_ERRORS.NORMAL_OP,,,,,,
UNC_Q_RxL_CYCLES_NE_DRS.VN0,,,,,,
UNC_Q_RxL_CYCLES_NE_DRS.VN1,,,,,,
UNC_Q_RxL_CYCLES_NE_HOM.VN0,,,,,,
UNC_Q_RxL_CYCLES_NE_HOM.VN1,,,,,,
UNC_Q_RxL_CYCLES_NE_NCB.VN0,,,,,,
UNC_Q_RxL_CYCLES_NE_NCB.VN1,,,,,,
UNC_Q_RxL_CYCLES_NE_NCS.VN0,,,,,,
UNC_Q_RxL_CYCLES_NE_NCS.VN1,,,,,,
UNC_Q_RxL_CYCLES_NE_NDR.VN0,,,,,,
UNC_Q_RxL_CYCLES_NE_NDR.VN1,,,,,,
UNC_Q_RxL_CYCLES_NE_SNP.VN0,,,,,,
UNC_Q_RxL_CYCLES_NE_SNP.VN1,,,,,,
UNC_Q_RxL_STALLS_VN0.BGF_DRS,,,,,,
UNC_Q_RxL_STALLS_VN0.BGF_NCB,,,,,,
UNC_Q_RxL_STALLS_VN0.BGF_NCS,,,,,,
UNC_Q_RxL_STALLS_VN0.BGF_HOM,,,,,,
UNC_Q_RxL_STALLS_VN0.BGF_SNP,,,,,,
UNC_Q_RxL_STALLS_VN0.BGF_NDR,,,,,,
UNC_Q_RxL_STALLS_VN0.EGRESS_CREDITS,,,,,,
UNC_Q_RxL_STALLS_VN0.GV,,,,,,
UNC_Q_RxL_STALLS_VN1.BGF_DRS,,,,,,
UNC_Q_RxL_STALLS_VN1.BGF_NCB,,,,,,
UNC_Q_RxL_STALLS_VN1.BGF_NCS,,,,,,
UNC_Q_RxL_STALLS_VN1.BGF_HOM,,,,,,
UNC_Q_RxL_STALLS_VN1.BGF_SNP,,,,,,
UNC_Q_RxL_STALLS_VN1.BGF_NDR,,,,,,
UNC_Q_TxL_CRC_NO_CREDITS.FULL,,,,,,
UNC_Q_TxL_CRC_NO_CREDITS.ALMOST_FULL,,,,,,
UNC_R2_CLOCKTICKS,,,,,,
UNC_R2_IIO_CREDIT.PRQ_QPI0,,,,,,
UNC_R2_IIO_CREDIT.PRQ_QPI1,,,,,,
UNC_R2_IIO_CREDIT.ISOCH_QPI0,,,,,,
UNC_R2_IIO_CREDIT.ISOCH_QPI1,,,,,,
UNC_R2_RING_AD_USED.CW_EVEN,,,,,,
UNC_R2_RING_AD_USED.CW_ODD,,,,,,
UNC_R2_RING_AD_USED.CCW_EVEN,,,,,,
UNC_R2_RING_AD_USED.CCW_ODD,,,,,,
UNC_R2_RING_AD_USED.CW,,,,,,
UNC_R2_RING_AD_USED.CCW,,,,,,
UNC_R2_RING_AK_BOUNCES.UP,,,,,,
UNC_R2_RING_AK_BOUNCES.DN,,,,,,
UNC_R2_RING_AK_USED.CW_EVEN,,,,,,
UNC_R2_RING_AK_USED.CW_ODD,,,,,,
UNC_R2_RING_AK_USED.CCW_EVEN,,,,,,
UNC_R2_RING_AK_USED.CCW_ODD,,,,,,
UNC_R2_RING_AK_USED.CW,,,,,,
UNC_R2_RING_AK_USED.CCW,,,,,,
UNC_R2_RING_BL_USED.CW_EVEN,,,,,,
UNC_R2_RING_BL_USED.CW_ODD,,,,,,
UNC_R2_RING_BL_USED.CCW_EVEN,,,,,,
UNC_R2_RING_BL_USED.CCW_ODD,,,,,,
UNC_R2_RING_BL_USED.CW,,,,,,
UNC_R2_RING_BL_USED.CCW,,,,,,
UNC_R2_RING_IV_USED.CW,,,,,,
UNC_R2_RING_IV_USED.CCW,,,,,,
UNC_R2_RING_IV_USED.ANY,,,,,,
UNC_R2_RxR_CYCLES_NE.NCB,,,,,,
UNC_R2_RxR_CYCLES_NE.NCS,,,,,,
UNC_R2_RxR_INSERTS.NCB,,,,,,
UNC_R2_RxR_INSERTS.NCS,,,,,,
UNC_R2_RxR_OCCUPANCY.DRS,,,,,,
UNC_R2_SBO0_CREDITS_ACQUIRED.AD,,,,,,
UNC_R2_SBO0_CREDITS_ACQUIRED.BL,,,,,,
UNC_R2_STALL_NO_SBO_CREDIT.SBO0_AD,,,,,,
UNC_R2_STALL_NO_SBO_CREDIT.SBO1_AD,,,,,,
UNC_R2_STALL_NO_SBO_CREDIT.SBO0_BL,,,,,,
UNC_R2_STALL_NO_SBO_CREDIT.SBO1_BL,,,,,,
UNC_R2_TxR_CYCLES_FULL.AD,,,,,,
UNC_R2_TxR_CYCLES_FULL.AK,,,,,,
UNC_R2_TxR_CYCLES_FULL.BL,,,,,,
UNC_R2_TxR_CYCLES_NE.AD,,,,,,
UNC_R2_TxR_CYCLES_NE.AK,,,,,,
UNC_R2_TxR_CYCLES_NE.BL,,,,,,
UNC_R2_TxR_NACK_CW.DN_AD,,,,,,
UNC_R2_TxR_NACK_CW.DN_BL,,,,,,
UNC_R2_TxR_NACK_CW.DN_AK,,,,,,
UNC_R2_TxR_NACK_CW.UP_AD,,,,,,
UNC_R2_TxR_NACK_CW.UP_BL,,,,,,
UNC_R2_TxR_NACK_CW.UP_AK,,,,,,
UNC_R2_IIO_CREDITS_ACQUIRED.DRS,,,,,,
UNC_R2_IIO_CREDITS_ACQUIRED.NCB,,,,,,
UNC_R2_IIO_CREDITS_ACQUIRED.NCS,,,,,,
UNC_R2_IIO_CREDITS_USED.DRS,,,,,,
UNC_R2_IIO_CREDITS_USED.NCB,,,,,,
UNC_R2_IIO_CREDITS_USED.NCS,,,,,,
UNC_R2_SBO0_CREDIT_OCCUPANCY.AD,,,,,,
UNC_R2_SBO0_CREDIT_OCCUPANCY.BL,,,,,,
UNC_R2_RING_AD_USED.ALL,,,,,,
UNC_R2_RING_AK_USED.ALL,,,,,,
UNC_R2_RING_BL_USED.ALL,,,,,,
UNC_R3_CLOCKTICKS,,,,,,
UNC_R3_C_HI_AD_CREDITS_EMPTY.CBO8,,,,,,
UNC_R3_C_HI_AD_CREDITS_EMPTY.CBO9,,,,,,
UNC_R3_C_HI_AD_CREDITS_EMPTY.CBO10,,,,,,
UNC_R3_C_HI_AD_CREDITS_EMPTY.CBO11,,,,,,
UNC_R3_C_HI_AD_CREDITS_EMPTY.CBO12,,,,,,
UNC_R3_C_HI_AD_CREDITS_EMPTY.CBO13,,,,,,
UNC_R3_C_HI_AD_CREDITS_EMPTY.CBO14_16,,,,,,
UNC_R3_C_HI_AD_CREDITS_EMPTY.CBO_15_17,,,,,,
UNC_R3_C_LO_AD_CREDITS_EMPTY.CBO0,,,,,,
UNC_R3_C_LO_AD_CREDITS_EMPTY.CBO1,,,,,,
UNC_R3_C_LO_AD_CREDITS_EMPTY.CBO2,,,,,,
UNC_R3_C_LO_AD_CREDITS_EMPTY.CBO3,,,,,,
UNC_R3_C_LO_AD_CREDITS_EMPTY.CBO4,,,,,,
UNC_R3_C_LO_AD_CREDITS_EMPTY.CBO5,,,,,,
UNC_R3_C_LO_AD_CREDITS_EMPTY.CBO6,,,,,,
UNC_R3_C_LO_AD_CREDITS_EMPTY.CBO7,,,,,,
UNC_R3_HA_R2_BL_CREDITS_EMPTY.HA0,,,,,,
UNC_R3_HA_R2_BL_CREDITS_EMPTY.HA1,,,,,,
UNC_R3_HA_R2_BL_CREDITS_EMPTY.R2_NCB,,,,,,
UNC_R3_HA_R2_BL_CREDITS_EMPTY.R2_NCS,,,,,,
UNC_R3_QPI0_AD_CREDITS_EMPTY.VNA,,,,,,
UNC_R3_QPI0_AD_CREDITS_EMPTY.VN0_HOM,,,,,,
UNC_R3_QPI0_AD_CREDITS_EMPTY.VN0_SNP,,,,,,
UNC_R3_QPI0_AD_CREDITS_EMPTY.VN0_NDR,,,,,,
UNC_R3_QPI0_AD_CREDITS_EMPTY.VN1_HOM,,,,,,
UNC_R3_QPI0_AD_CREDITS_EMPTY.VN1_SNP,,,,,,
UNC_R3_QPI0_AD_CREDITS_EMPTY.VN1_NDR,,,,,,
UNC_R3_QPI0_BL_CREDITS_EMPTY.VNA,,,,,,
UNC_R3_QPI0_BL_CREDITS_EMPTY.VN1_HOM,,,,,,
UNC_R3_QPI0_BL_CREDITS_EMPTY.VN1_SNP,,,,,,
UNC_R3_QPI0_BL_CREDITS_EMPTY.VN1_NDR,,,,,,
UNC_R3_QPI1_AD_CREDITS_EMPTY.VNA,,,,,,
UNC_R3_QPI1_AD_CREDITS_EMPTY.VN1_HOM,,,,,,
UNC_R3_QPI1_AD_CREDITS_EMPTY.VN1_SNP,,,,,,
UNC_R3_QPI1_AD_CREDITS_EMPTY.VN1_NDR,,,,,,
UNC_R3_QPI1_BL_CREDITS_EMPTY.VNA,,,,,,
UNC_R3_QPI1_BL_CREDITS_EMPTY.VN0_HOM,,,,,,
UNC_R3_QPI1_BL_CREDITS_EMPTY.VN0_SNP,,,,,,
UNC_R3_QPI1_BL_CREDITS_EMPTY.VN0_NDR,,,,,,
UNC_R3_QPI1_BL_CREDITS_EMPTY.VN1_HOM,,,,,,
UNC_R3_QPI1_BL_CREDITS_EMPTY.VN1_SNP,,,,,,
UNC_R3_QPI1_BL_CREDITS_EMPTY.VN1_NDR,,,,,,
UNC_R3_RING_AD_USED.CW_EVEN,,,,,,
UNC_R3_RING_AD_USED.CW_ODD,,,,,,
UNC_R3_RING_AD_USED.CCW_EVEN,,,,,,
UNC_R3_RING_AD_USED.CCW_ODD,,,,,,
UNC_R3_RING_AD_USED.CW,,,,,,
UNC_R3_RING_AD_USED.CCW,,,,,,
UNC_R3_RING_AK_USED.CW_EVEN,,,,,,
UNC_R3_RING_AK_USED.CW_ODD,,,,,,
UNC_R3_RING_AK_USED.CCW_EVEN,,,,,,
UNC_R3_RING_AK_USED.CCW_ODD,,,,,,
UNC_R3_RING_AK_USED.CW,,,,,,
UNC_R3_RING_AK_USED.CCW,,,,,,
UNC_R3_RING_BL_USED.CW_EVEN,,,,,,
UNC_R3_RING_BL_USED.CW_ODD,,,,,,
UNC_R3_RING_BL_USED.CCW_EVEN,,,,,,
UNC_R3_RING_BL_USED.CCW_ODD,,,,,,
UNC_R3_RING_BL_USED.CW,,,,,,
UNC_R3_RING_BL_USED.CCW,,,,,,
UNC_R3_RING_IV_USED.CW,,,,,,
UNC_R3_RING_IV_USED.ANY,,,,,,
UNC_R3_RING_SINK_STARVED.AK,,,,,,
UNC_R3_RxR_CYCLES_NE.HOM,,,,,,
UNC_R3_RxR_CYCLES_NE.SNP,,,,,,
UNC_R3_RxR_CYCLES_NE.NDR,,,,,,
UNC_R3_RxR_CYCLES_NE_VN1.HOM,,,,,,
UNC_R3_RxR_CYCLES_NE_VN1.SNP,,,,,,
UNC_R3_RxR_CYCLES_NE_VN1.NDR,,,,,,
UNC_R3_RxR_CYCLES_NE_VN1.DRS,,,,,,
UNC_R3_RxR_CYCLES_NE_VN1.NCB,,,,,,
UNC_R3_RxR_CYCLES_NE_VN1.NCS,,,,,,
UNC_R3_RxR_INSERTS.HOM,,,,,,
UNC_R3_RxR_INSERTS.SNP,,,,,,
UNC_R3_RxR_INSERTS.NDR,,,,,,
UNC_R3_RxR_INSERTS.DRS,,,,,,
UNC_R3_RxR_INSERTS.NCB,,,,,,
UNC_R3_RxR_INSERTS.NCS,,,,,,
UNC_R3_RxR_INSERTS_VN1.HOM,,,,,,
UNC_R3_RxR_INSERTS_VN1.SNP,,,,,,
UNC_R3_RxR_INSERTS_VN1.NDR,,,,,,
UNC_R3_RxR_INSERTS_VN1.DRS,,,,,,
UNC_R3_RxR_INSERTS_VN1.NCB,,,,,,
UNC_R3_RxR_INSERTS_VN1.NCS,,,,,,
UNC_R3_RxR_OCCUPANCY_VN1.HOM,,,,,,
UNC_R3_RxR_OCCUPANCY_VN1.SNP,,,,,,
UNC_R3_RxR_OCCUPANCY_VN1.NDR,,,,,,
UNC_R3_RxR_OCCUPANCY_VN1.DRS,,,,,,
UNC_R3_RxR_OCCUPANCY_VN1.NCB,,,,,,
UNC_R3_RxR_OCCUPANCY_VN1.NCS,,,,,,
UNC_R3_SBO0_CREDITS_ACQUIRED.AD,,,,,,
UNC_R3_SBO0_CREDITS_ACQUIRED.BL,,,,,,
UNC_R3_SBO1_CREDITS_ACQUIRED.AD,,,,,,
UNC_R3_SBO1_CREDITS_ACQUIRED.BL,,,,,,
UNC_R3_STALL_NO_SBO_CREDIT.SBO0_AD,,,,,,
UNC_R3_STALL_NO_SBO_CREDIT.SBO1_AD,,,,,,
UNC_R3_STALL_NO_SBO_CREDIT.SBO0_BL,,,,,,
UNC_R3_STALL_NO_SBO_CREDIT.SBO1_BL,,,,,,
UNC_R3_TxR_NACK.DN_AD,,,,,,
UNC_R3_TxR_NACK.DN_BL,,,,,,
UNC_R3_TxR_NACK.DN_AK,,,,,,
UNC_R3_TxR_NACK.UP_AD,,,,,,
UNC_R3_TxR_NACK.UP_BL,,,,,,
UNC_R3_TxR_NACK.UP_AK,,,,,,
UNC_R3_VN0_CREDITS_REJECT.HOM,,,,,,
UNC_R3_VN0_CREDITS_REJECT.SNP,,,,,,
UNC_R3_VN0_CREDITS_REJECT.NDR,,,,,,
UNC_R3_VN0_CREDITS_REJECT.DRS,,,,,,
UNC_R3_VN0_CREDITS_REJECT.NCB,,,,,,
UNC_R3_VN0_CREDITS_REJECT.NCS,,,,,,
UNC_R3_VN0_CREDITS_USED.HOM,,,,,,
UNC_R3_VN0_CREDITS_USED.SNP,,,,,,
UNC_R3_VN0_CREDITS_USED.NDR,,,,,,
UNC_R3_VN0_CREDITS_USED.DRS,,,,,,
UNC_R3_VN0_CREDITS_USED.NCB,,,,,,
UNC_R3_VN0_CREDITS_USED.NCS,,,,,,
UNC_R3_VN1_CREDITS_REJECT.HOM,,,,,,
UNC_R3_VN1_CREDITS_REJECT.SNP,,,,,,
UNC_R3_VN1_CREDITS_REJECT.NDR,,,,,,
UNC_R3_VN1_CREDITS_REJECT.DRS,,,,,,
UNC_R3_VN1_CREDITS_REJECT.NCB,,,,,,
UNC_R3_VN1_CREDITS_REJECT.NCS,,,,,,
UNC_R3_VN1_CREDITS_USED.HOM,,,,,,
UNC_R3_VN1_CREDITS_USED.SNP,,,,,,
UNC_R3_VN1_CREDITS_USED.NDR,,,,,,
UNC_R3_VN1_CREDITS_USED.DRS,,,,,,
UNC_R3_VN1_CREDITS_USED.NCB,,,,,,
UNC_R3_VN1_CREDITS_USED.NCS,,,,,,
UNC_R3_VNA_CREDITS_ACQUIRED.AD,,,,,,
UNC_R3_VNA_CREDITS_ACQUIRED.BL,,,,,,
UNC_R3_VNA_CREDITS_REJECT.HOM,,,,,,
UNC_R3_VNA_CREDITS_REJECT.SNP,,,,,,
UNC_R3_VNA_CREDITS_REJECT.NDR,,,,,,
UNC_R3_VNA_CREDITS_REJECT.DRS,,,,,,
UNC_R3_VNA_CREDITS_REJECT.NCB,,,,,,
UNC_R3_VNA_CREDITS_REJECT.NCS,,,,,,
UNC_R3_IOT_BACKPRESSURE.SAT,,,,,,
UNC_R3_IOT_BACKPRESSURE.HUB,,,,,,
UNC_R3_IOT_CTS_HI.CTS2,,,,,,
UNC_R3_IOT_CTS_HI.CTS3,,,,,,
UNC_R3_IOT_CTS_LO.CTS0,,,,,,
UNC_R3_IOT_CTS_LO.CTS1,,,,,,
UNC_R3_SBO0_CREDIT_OCCUPANCY.AD,,,,,,
UNC_R3_SBO0_CREDIT_OCCUPANCY.BL,,,,,,
UNC_R3_SBO1_CREDIT_OCCUPANCY.AD,,,,,,
UNC_R3_SBO1_CREDIT_OCCUPANCY.BL,,,,,,
UNC_R3_RING_AD_USED.ALL,,,,,,
UNC_R3_RING_AK_USED.ALL,,,,,,
UNC_R3_RING_BL_USED.ALL,,,,,,
UNC_S_BOUNCE_CONTROL,,,,,,
UNC_S_CLOCKTICKS,,,,,,
UNC_S_FAST_ASSERTED,,,,,,
UNC_S_RING_AD_USED.UP_EVEN,,,,,,
UNC_S_RING_AD_USED.UP_ODD,,,,,,
UNC_S_RING_AD_USED.DOWN_EVEN,,,,,,
UNC_S_RING_AD_USED.DOWN_ODD,,,,,,
UNC_S_RING_AD_USED.UP,,,,,,
UNC_S_RING_AD_USED.DOWN,,,,,,
UNC_S_RING_AK_USED.UP_EVEN,,,,,,
UNC_S_RING_AK_USED.UP_ODD,,,,,,
UNC_S_RING_AK_USED.DOWN_EVEN,,,,,,
UNC_S_RING_AK_USED.DOWN_ODD,,,,,,
UNC_S_RING_AK_USED.UP,,,,,,
UNC_S_RING_AK_USED.DOWN,,,,,,
UNC_S_RING_BL_USED.UP_EVEN,,,,,,
UNC_S_RING_BL_USED.UP_ODD,,,,,,
UNC_S_RING_BL_USED.DOWN_EVEN,,,,,,
UNC_S_RING_BL_USED.DOWN_ODD,,,,,,
UNC_S_RING_BL_USED.UP,,,,,,
UNC_S_RING_BL_USED.DOWN,,,,,,
UNC_S_RING_BOUNCES.AD_CACHE,,,,,,
UNC_S_RING_BOUNCES.AK_CORE,,,,,,
UNC_S_RING_BOUNCES.BL_CORE,,,,,,
UNC_S_RING_BOUNCES.IV_CORE,,,,,,
UNC_S_RING_IV_USED.UP,,,,,,
UNC_S_RING_IV_USED.DN,,,,,,
UNC_S_RxR_BYPASS.AD_CRD,,,,,,
UNC_S_RxR_BYPASS.AD_BNC,,,,,,
UNC_S_RxR_BYPASS.BL_CRD,,,,,,
UNC_S_RxR_BYPASS.BL_BNC,,,,,,
UNC_S_RxR_BYPASS.AK,,,,,,
UNC_S_RxR_BYPASS.IV,,,,,,
UNC_S_RxR_INSERTS.AD_CRD,,,,,,
UNC_S_RxR_INSERTS.AD_BNC,,,,,,
UNC_S_RxR_INSERTS.BL_CRD,,,,,,
UNC_S_RxR_INSERTS.BL_BNC,,,,,,
UNC_S_RxR_INSERTS.AK,,,,,,
UNC_S_RxR_INSERTS.IV,,,,,,
UNC_S_RxR_OCCUPANCY.AD_CRD,,,,,,
UNC_S_RxR_OCCUPANCY.AD_BNC,,,,,,
UNC_S_RxR_OCCUPANCY.BL_CRD,,,,,,
UNC_S_RxR_OCCUPANCY.BL_BNC,,,,,,
UNC_S_RxR_OCCUPANCY.AK,,,,,,
UNC_S_RxR_OCCUPANCY.IV,,,,,,
UNC_S_TxR_ADS_USED.AD,,,,,,
UNC_S_TxR_ADS_USED.AK,,,,,,
UNC_S_TxR_ADS_USED.BL,,,,,,
UNC_S_TxR_INSERTS.AD_CRD,,,,,,
UNC_S_TxR_INSERTS.AD_BNC,,,,,,
UNC_S_TxR_INSERTS.BL_CRD,,,,,,
UNC_S_TxR_INSERTS.BL_BNC,,,,,,
UNC_S_TxR_INSERTS.AK,,,,,,
UNC_S_TxR_INSERTS.IV,,,,,,
UNC_S_TxR_OCCUPANCY.AD_CRD,,,,,,
UNC_S_TxR_OCCUPANCY.AD_BNC,,,,,,
UNC_S_TxR_OCCUPANCY.BL_CRD,,,,,,
UNC_S_TxR_OCCUPANCY.BL_BNC,,,,,,
UNC_S_TxR_OCCUPANCY.AK,,,,,,
UNC_S_TxR_OCCUPANCY.IV,,,,,,
UNC_S_RING_SINK_STARVED.AD_CACHE,,,,,,
UNC_S_RING_SINK_STARVED.AK_CORE,,,,,,
UNC_S_RING_SINK_STARVED.BL_CORE,,,,,,
UNC_S_RING_SINK_STARVED.IV_CORE,,,,,,
UNC_S_RxR_BUSY_STARVED.AD_CRD,,,,,,
UNC_S_RxR_BUSY_STARVED.AD_BNC,,,,,,
UNC_S_RxR_BUSY_STARVED.BL_CRD,,,,,,
UNC_S_RxR_BUSY_STARVED.BL_BNC,,,,,,
UNC_S_RxR_CRD_STARVED.AD_CRD,,,,,,
UNC_S_RxR_CRD_STARVED.AD_BNC,,,,,,
UNC_S_RxR_CRD_STARVED.BL_CRD,,,,,,
UNC_S_RxR_CRD_STARVED.BL_BNC,,,,,,
UNC_S_RxR_CRD_STARVED.AK,,,,,,
UNC_S_RxR_CRD_STARVED.IV,,,,,,
UNC_S_RxR_CRD_STARVED.IFV,,,,,,
UNC_S_TxR_STARVED.AD,,,,,,
UNC_S_TxR_STARVED.AK,,,,,,
UNC_S_TxR_STARVED.BL,,,,,,
UNC_S_TxR_STARVED.IV,,,,,,
UNC_S_RING_AD_USED.ALL,,,,,,
UNC_S_RING_AK_USED.ALL,,,,,,
UNC_S_RING_BL_USED.ALL,,,,,,
UNC_U_EVENT_MSG.DOORBELL_RCVD,,,,,,
UNC_U_PHOLD_CYCLES.ASSERT_TO_ACK,,,,,,
UNC_U_RACU_REQUESTS,,,,,,
UNC_U_FILTER_MATCH.ENABLE,,,,,,
UNC_U_FILTER_MATCH.DISABLE,,,,,,
UNC_U_FILTER_MATCH.U2C_ENABLE,,,,,,
UNC_U_FILTER_MATCH.U2C_DISABLE,,,,,,
UNC_U_U2C_EVENTS.MONITOR_T0,,,,,,
UNC_U_U2C_EVENTS.MONITOR_T1,,,,,,
UNC_U_U2C_EVENTS.LIVELOCK,,,,,,
UNC_U_U2C_EVENTS.LTERROR,,,,,,
UNC_U_U2C_EVENTS.CMC,,,,,,
UNC_U_U2C_EVENTS.UMC,,,,,,
UNC_U_U2C_EVENTS.TRAP,,,,,,
UNC_U_U2C_EVENTS.OTHER,,,,,,
UNC_U_CLOCKTICKS,,,,,,
UNC_M_ACT_COUNT.RD,,,,,,
UNC_M_ACT_COUNT.WR,,,,,,
UNC_M_ACT_COUNT.BYP,,,,,,
UNC_M_BYP_CMDS.ACT,,,,,,
UNC_M_BYP_CMDS.CAS,,,,,,
UNC_M_BYP_CMDS.PRE,,,,,,
UNC_M_CAS_COUNT.RD_REG,,,,,,
UNC_M_CAS_COUNT.RD_UNDERFILL,,,,,,
UNC_M_CAS_COUNT.RD,,,,,,
UNC_M_CAS_COUNT.RD,LLC_MISSES.MEM_READ,read requests to memory controller,,64,,
UNC_M_CAS_COUNT.WR_WMM,,,,,,
UNC_M_CAS_COUNT.WR_RMM,,,,,,
UNC_M_CAS_COUNT.WR,,,,,,
UNC_M_CAS_COUNT.WR,LLC_MISSES.MEM_WRITE,write requests to memory controller,,64,,
UNC_M_CAS_COUNT.ALL,,,,,,
UNC_M_CAS_COUNT.RD_WMM,,,,,,
UNC_M_CAS_COUNT.RD_RMM,,,,,,
UNC_M_DCLOCKTICKS,,,,,,
UNC_M_DRAM_PRE_ALL,,,,,,
UNC_M_DRAM_REFRESH.PANIC,,,,,,
UNC_M_DRAM_REFRESH.HIGH,,,,,,
UNC_M_ECC_CORRECTABLE_ERRORS,,,,,,
UNC_M_MAJOR_MODES.READ,,,,,,
UNC_M_MAJOR_MODES.WRITE,,,,,,
UNC_M_MAJOR_MODES.PARTIAL,,,,,,
UNC_M_MAJOR_MODES.ISOCH,,,,,,
UNC_M_POWER_CHANNEL_DLLOFF,,,,,,
UNC_M_POWER_CHANNEL_PPD,,,,,,
UNC_M_POWER_CKE_CYCLES.RANK0,,,,,,
UNC_M_POWER_CKE_CYCLES.RANK1,,,,,,
UNC_M_POWER_CKE_CYCLES.RANK2,,,,,,
UNC_M_POWER_CKE_CYCLES.RANK3,,,,,,
UNC_M_POWER_CKE_CYCLES.RANK4,,,,,,
UNC_M_POWER_CKE_CYCLES.RANK5,,,,,,
UNC_M_POWER_CKE_CYCLES.RANK6,,,,,,
UNC_M_POWER_CKE_CYCLES.RANK7,,,,,,
UNC_M_POWER_CRITICAL_THROTTLE_CYCLES,,,,,,
UNC_M_POWER_PCU_THROTTLING,,,,,,
UNC_M_POWER_SELF_REFRESH,,,,,,
UNC_M_POWER_THROTTLE_CYCLES.RANK0,,,,,,
UNC_M_POWER_THROTTLE_CYCLES.RANK1,,,,,,
UNC_M_POWER_THROTTLE_CYCLES.RANK2,,,,,,
UNC_M_POWER_THROTTLE_CYCLES.RANK3,,,,,,
UNC_M_POWER_THROTTLE_CYCLES.RANK4,,,,,,
UNC_M_POWER_THROTTLE_CYCLES.RANK5,,,,,,
UNC_M_POWER_THROTTLE_CYCLES.RANK6,,,,,,
UNC_M_POWER_THROTTLE_CYCLES.RANK7,,,,,,
UNC_M_PREEMPTION.RD_PREEMPT_RD,,,,,,
UNC_M_PREEMPTION.RD_PREEMPT_WR,,,,,,
UNC_M_PRE_COUNT.PAGE_MISS,,,,,,
UNC_M_PRE_COUNT.PAGE_CLOSE,,,,,,
UNC_M_PRE_COUNT.RD,,,,,,
UNC_M_PRE_COUNT.WR,,,,,,
UNC_M_PRE_COUNT.BYP,,,,,,
UNC_M_RD_CAS_PRIO.LOW,,,,,,
UNC_M_RD_CAS_PRIO.MED,,,,,,
UNC_M_RD_CAS_PRIO.HIGH,,,,,,
UNC_M_RD_CAS_PRIO.PANIC,,,,,,
UNC_M_RD_CAS_RANK0.BANK1,,,,,,
UNC_M_RD_CAS_RANK0.BANK2,,,,,,
UNC_M_RD_CAS_RANK0.BANK4,,,,,,
UNC_M_RD_CAS_RANK0.BANK8,,,,,,
UNC_M_RD_CAS_RANK0.ALLBANKS,,,,,,
UNC_M_RD_CAS_RANK0.BANK0,,,,,,
UNC_M_RD_CAS_RANK0.BANK3,,,,,,
UNC_M_RD_CAS_RANK0.BANK5,,,,,,
UNC_M_RD_CAS_RANK0.BANK6,,,,,,
UNC_M_RD_CAS_RANK0.BANK7,,,,,,
UNC_M_RD_CAS_RANK0.BANK9,,,,,,
UNC_M_RD_CAS_RANK0.BANK10,,,,,,
UNC_M_RD_CAS_RANK0.BANK11,,,,,,
UNC_M_RD_CAS_RANK0.BANK12,,,,,,
UNC_M_RD_CAS_RANK0.BANK13,,,,,,
UNC_M_RD_CAS_RANK0.BANK14,,,,,,
UNC_M_RD_CAS_RANK0.BANK15,,,,,,
UNC_M_RD_CAS_RANK0.BANKG0,,,,,,
UNC_M_RD_CAS_RANK0.BANKG1,,,,,,
UNC_M_RD_CAS_RANK0.BANKG2,,,,,,
UNC_M_RD_CAS_RANK0.BANKG3,,,,,,
UNC_M_RD_CAS_RANK1.BANK1,,,,,,
UNC_M_RD_CAS_RANK1.BANK2,,,,,,
UNC_M_RD_CAS_RANK1.BANK4,,,,,,
UNC_M_RD_CAS_RANK1.BANK8,,,,,,
UNC_M_RD_CAS_RANK1.ALLBANKS,,,,,,
UNC_M_RD_CAS_RANK1.BANK0,,,,,,
UNC_M_RD_CAS_RANK1.BANK3,,,,,,
UNC_M_RD_CAS_RANK1.BANK5,,,,,,
UNC_M_RD_CAS_RANK1.BANK6,,,,,,
UNC_M_RD_CAS_RANK1.BANK7,,,,,,
UNC_M_RD_CAS_RANK1.BANK9,,,,,,
UNC_M_RD_CAS_RANK1.BANK10,,,,,,
UNC_M_RD_CAS_RANK1.BANK11,,,,,,
UNC_M_RD_CAS_RANK1.BANK12,,,,,,
UNC_M_RD_CAS_RANK1.BANK13,,,,,,
UNC_M_RD_CAS_RANK1.BANK14,,,,,,
UNC_M_RD_CAS_RANK1.BANK15,,,,,,
UNC_M_RD_CAS_RANK1.BANKG0,,,,,,
UNC_M_RD_CAS_RANK1.BANKG1,,,,,,
UNC_M_RD_CAS_RANK1.BANKG2,,,,,,
UNC_M_RD_CAS_RANK1.BANKG3,,,,,,
UNC_M_RD_CAS_RANK2.BANK0,,,,,,
UNC_M_RD_CAS_RANK4.BANK1,,,,,,
UNC_M_RD_CAS_RANK4.BANK2,,,,,,
UNC_M_RD_CAS_RANK4.BANK4,,,,,,
UNC_M_RD_CAS_RANK4.BANK8,,,,,,
UNC_M_RD_CAS_RANK4.ALLBANKS,,,,,,
UNC_M_RD_CAS_RANK4.BANK0,,,,,,
UNC_M_RD_CAS_RANK4.BANK3,,,,,,
UNC_M_RD_CAS_RANK4.BANK5,,,,,,
UNC_M_RD_CAS_RANK4.BANK6,,,,,,
UNC_M_RD_CAS_RANK4.BANK7,,,,,,
UNC_M_RD_CAS_RANK4.BANK9,,,,,,
UNC_M_RD_CAS_RANK4.BANK10,,,,,,
UNC_M_RD_CAS_RANK4.BANK11,,,,,,
UNC_M_RD_CAS_RANK4.BANK12,,,,,,
UNC_M_RD_CAS_RANK4.BANK13,,,,,,
UNC_M_RD_CAS_RANK4.BANK14,,,,,,
UNC_M_RD_CAS_RANK4.BANK15,,,,,,
UNC_M_RD_CAS_RANK4.BANKG0,,,,,,
UNC_M_RD_CAS_RANK4.BANKG1,,,,,,
UNC_M_RD_CAS_RANK4.BANKG2,,,,,,
UNC_M_RD_CAS_RANK4.BANKG3,,,,,,
UNC_M_RD_CAS_RANK5.BANK1,,,,,,
UNC_M_RD_CAS_RANK5.BANK2,,,,,,
UNC_M_RD_CAS_RANK5.BANK4,,,,,,
UNC_M_RD_CAS_RANK5.BANK8,,,,,,
UNC_M_RD_CAS_RANK5.ALLBANKS,,,,,,
UNC_M_RD_CAS_RANK5.BANK0,,,,,,
UNC_M_RD_CAS_RANK5.BANK3,,,,,,
UNC_M_RD_CAS_RANK5.BANK5,,,,,,
UNC_M_RD_CAS_RANK5.BANK6,,,,,,
UNC_M_RD_CAS_RANK5.BANK7,,,,,,
UNC_M_RD_CAS_RANK5.BANK9,,,,,,
UNC_M_RD_CAS_RANK5.BANK10,,,,,,
UNC_M_RD_CAS_RANK5.BANK11,,,,,,
UNC_M_RD_CAS_RANK5.BANK12,,,,,,
UNC_M_RD_CAS_RANK5.BANK13,,,,,,
UNC_M_RD_CAS_RANK5.BANK14,,,,,,
UNC_M_RD_CAS_RANK5.BANK15,,,,,,
UNC_M_RD_CAS_RANK5.BANKG0,,,,,,
UNC_M_RD_CAS_RANK5.BANKG1,,,,,,
UNC_M_RD_CAS_RANK5.BANKG2,,,,,,
UNC_M_RD_CAS_RANK5.BANKG3,,,,,,
UNC_M_RD_CAS_RANK6.BANK1,,,,,,
UNC_M_RD_CAS_RANK6.BANK2,,,,,,
UNC_M_RD_CAS_RANK6.BANK4,,,,,,
UNC_M_RD_CAS_RANK6.BANK8,,,,,,
UNC_M_RD_CAS_RANK6.ALLBANKS,,,,,,
UNC_M_RD_CAS_RANK6.BANK0,,,,,,
UNC_M_RD_CAS_RANK6.BANK3,,,,,,
UNC_M_RD_CAS_RANK6.BANK5,,,,,,
UNC_M_RD_CAS_RANK6.BANK6,,,,,,
UNC_M_RD_CAS_RANK6.BANK7,,,,,,
UNC_M_RD_CAS_RANK6.BANK9,,,,,,
UNC_M_RD_CAS_RANK6.BANK10,,,,,,
UNC_M_RD_CAS_RANK6.BANK11,,,,,,
UNC_M_RD_CAS_RANK6.BANK12,,,,,,
UNC_M_RD_CAS_RANK6.BANK13,,,,,,
UNC_M_RD_CAS_RANK6.BANK14,,,,,,
UNC_M_RD_CAS_RANK6.BANK15,,,,,,
UNC_M_RD_CAS_RANK6.BANKG0,,,,,,
UNC_M_RD_CAS_RANK6.BANKG1,,,,,,
UNC_M_RD_CAS_RANK6.BANKG2,,,,,,
UNC_M_RD_CAS_RANK6.BANKG3,,,,,,
UNC_M_RD_CAS_RANK7.BANK1,,,,,,
UNC_M_RD_CAS_RANK7.BANK2,,,,,,
UNC_M_RD_CAS_RANK7.BANK4,,,,,,
UNC_M_RD_CAS_RANK7.BANK8,,,,,,
UNC_M_RD_CAS_RANK7.ALLBANKS,,,,,,
UNC_M_RD_CAS_RANK7.BANK0,,,,,,
UNC_M_RD_CAS_RANK7.BANK3,,,,,,
UNC_M_RD_CAS_RANK7.BANK5,,,,,,
UNC_M_RD_CAS_RANK7.BANK6,,,,,,
UNC_M_RD_CAS_RANK7.BANK7,,,,,,
UNC_M_RD_CAS_RANK7.BANK9,,,,,,
UNC_M_RD_CAS_RANK7.BANK10,,,,,,
UNC_M_RD_CAS_RANK7.BANK11,,,,,,
UNC_M_RD_CAS_RANK7.BANK12,,,,,,
UNC_M_RD_CAS_RANK7.BANK13,,,,,,
UNC_M_RD_CAS_RANK7.BANK14,,,,,,
UNC_M_RD_CAS_RANK7.BANK15,,,,,,
UNC_M_RD_CAS_RANK7.BANKG0,,,,,,
UNC_M_RD_CAS_RANK7.BANKG1,,,,,,
UNC_M_RD_CAS_RANK7.BANKG2,,,,,,
UNC_M_RD_CAS_RANK7.BANKG3,,,,,,
UNC_M_RPQ_CYCLES_NE,,,,,,
UNC_M_RPQ_INSERTS,,,,,,
UNC_M_VMSE_MXB_WR_OCCUPANCY,,,,,,
UNC_M_VMSE_WR_PUSH.WMM,,,,,,
UNC_M_VMSE_WR_PUSH.RMM,,,,,,
UNC_M_WMM_TO_RMM.LOW_THRESH,,,,,,
UNC_M_WMM_TO_RMM.STARVE,,,,,,
UNC_M_WMM_TO_RMM.VMSE_RETRY,,,,,,
UNC_M_WPQ_CYCLES_FULL,,,,,,
UNC_M_WPQ_CYCLES_NE,,,,,,
UNC_M_WPQ_READ_HIT,,,,,,
UNC_M_WPQ_WRITE_HIT,,,,,,
UNC_M_WRONG_MM,,,,,,
UNC_M_WR_CAS_RANK0.BANK1,,,,,,
UNC_M_WR_CAS_RANK0.BANK2,,,,,,
UNC_M_WR_CAS_RANK0.BANK4,,,,,,
UNC_M_WR_CAS_RANK0.BANK8,,,,,,
UNC_M_WR_CAS_RANK0.ALLBANKS,,,,,,
UNC_M_WR_CAS_RANK0.BANK0,,,,,,
UNC_M_WR_CAS_RANK0.BANK3,,,,,,
UNC_M_WR_CAS_RANK0.BANK5,,,,,,
UNC_M_WR_CAS_RANK0.BANK6,,,,,,
UNC_M_WR_CAS_RANK0.BANK7,,,,,,
UNC_M_WR_CAS_RANK0.BANK9,,,,,,
UNC_M_WR_CAS_RANK0.BANK10,,,,,,
UNC_M_WR_CAS_RANK0.BANK11,,,,,,
UNC_M_WR_CAS_RANK0.BANK12,,,,,,
UNC_M_WR_CAS_RANK0.BANK13,,,,,,
UNC_M_WR_CAS_RANK0.BANK14,,,,,,
UNC_M_WR_CAS_RANK0.BANK15,,,,,,
UNC_M_WR_CAS_RANK0.BANKG0,,,,,,
UNC_M_WR_CAS_RANK0.BANKG1,,,,,,
UNC_M_WR_CAS_RANK0.BANKG2,,,,,,
UNC_M_WR_CAS_RANK0.BANKG3,,,,,,
UNC_M_WR_CAS_RANK1.BANK1,,,,,,
UNC_M_WR_CAS_RANK1.BANK2,,,,,,
UNC_M_WR_CAS_RANK1.BANK4,,,,,,
UNC_M_WR_CAS_RANK1.BANK8,,,,,,
UNC_M_WR_CAS_RANK1.ALLBANKS,,,,,,
UNC_M_WR_CAS_RANK1.BANK0,,,,,,
UNC_M_WR_CAS_RANK1.BANK3,,,,,,
UNC_M_WR_CAS_RANK1.BANK5,,,,,,
UNC_M_WR_CAS_RANK1.BANK6,,,,,,
UNC_M_WR_CAS_RANK1.BANK7,,,,,,
UNC_M_WR_CAS_RANK1.BANK9,,,,,,
UNC_M_WR_CAS_RANK1.BANK10,,,,,,
UNC_M_WR_CAS_RANK1.BANK11,,,,,,
UNC_M_WR_CAS_RANK1.BANK12,,,,,,
UNC_M_WR_CAS_RANK1.BANK13,,,,,,
UNC_M_WR_CAS_RANK1.BANK14,,,,,,
UNC_M_WR_CAS_RANK1.BANK15,,,,,,
UNC_M_WR_CAS_RANK1.BANKG0,,,,,,
UNC_M_WR_CAS_RANK1.BANKG1,,,,,,
UNC_M_WR_CAS_RANK1.BANKG2,,,,,,
UNC_M_WR_CAS_RANK1.BANKG3,,,,,,
UNC_M_WR_CAS_RANK4.BANK1,,,,,,
UNC_M_WR_CAS_RANK4.BANK2,,,,,,
UNC_M_WR_CAS_RANK4.BANK4,,,,,,
UNC_M_WR_CAS_RANK4.BANK8,,,,,,
UNC_M_WR_CAS_RANK4.ALLBANKS,,,,,,
UNC_M_WR_CAS_RANK4.BANK0,,,,,,
UNC_M_WR_CAS_RANK4.BANK3,,,,,,
UNC_M_WR_CAS_RANK4.BANK5,,,,,,
UNC_M_WR_CAS_RANK4.BANK6,,,,,,
UNC_M_WR_CAS_RANK4.BANK7,,,,,,
UNC_M_WR_CAS_RANK4.BANK9,,,,,,
UNC_M_WR_CAS_RANK4.BANK10,,,,,,
UNC_M_WR_CAS_RANK4.BANK11,,,,,,
UNC_M_WR_CAS_RANK4.BANK12,,,,,,
UNC_M_WR_CAS_RANK4.BANK13,,,,,,
UNC_M_WR_CAS_RANK4.BANK14,,,,,,
UNC_M_WR_CAS_RANK4.BANK15,,,,,,
UNC_M_WR_CAS_RANK4.BANKG0,,,,,,
UNC_M_WR_CAS_RANK4.BANKG1,,,,,,
UNC_M_WR_CAS_RANK4.BANKG2,,,,,,
UNC_M_WR_CAS_RANK4.BANKG3,,,,,,
UNC_M_WR_CAS_RANK5.BANK1,,,,,,
UNC_M_WR_CAS_RANK5.BANK2,,,,,,
UNC_M_WR_CAS_RANK5.BANK4,,,,,,
UNC_M_WR_CAS_RANK5.BANK8,,,,,,
UNC_M_WR_CAS_RANK5.ALLBANKS,,,,,,
UNC_M_WR_CAS_RANK5.BANK0,,,,,,
UNC_M_WR_CAS_RANK5.BANK3,,,,,,
UNC_M_WR_CAS_RANK5.BANK5,,,,,,
UNC_M_WR_CAS_RANK5.BANK6,,,,,,
UNC_M_WR_CAS_RANK5.BANK7,,,,,,
UNC_M_WR_CAS_RANK5.BANK9,,,,,,
UNC_M_WR_CAS_RANK5.BANK10,,,,,,
UNC_M_WR_CAS_RANK5.BANK11,,,,,,
UNC_M_WR_CAS_RANK5.BANK12,,,,,,
UNC_M_WR_CAS_RANK5.BANK13,,,,,,
UNC_M_WR_CAS_RANK5.BANK14,,,,,,
UNC_M_WR_CAS_RANK5.BANK15,,,,,,
UNC_M_WR_CAS_RANK5.BANKG0,,,,,,
UNC_M_WR_CAS_RANK5.BANKG1,,,,,,
UNC_M_WR_CAS_RANK5.BANKG2,,,,,,
UNC_M_WR_CAS_RANK5.BANKG3,,,,,,
UNC_M_WR_CAS_RANK6.BANK1,,,,,,
UNC_M_WR_CAS_RANK6.BANK2,,,,,,
UNC_M_WR_CAS_RANK6.BANK4,,,,,,
UNC_M_WR_CAS_RANK6.BANK8,,,,,,
UNC_M_WR_CAS_RANK6.ALLBANKS,,,,,,
UNC_M_WR_CAS_RANK6.BANK0,,,,,,
UNC_M_WR_CAS_RANK6.BANK3,,,,,,
UNC_M_WR_CAS_RANK6.BANK5,,,,,,
UNC_M_WR_CAS_RANK6.BANK6,,,,,,
UNC_M_WR_CAS_RANK6.BANK7,,,,,,
UNC_M_WR_CAS_RANK6.BANK9,,,,,,
UNC_M_WR_CAS_RANK6.BANK10,,,,,,
UNC_M_WR_CAS_RANK6.BANK11,,,,,,
UNC_M_WR_CAS_RANK6.BANK12,,,,,,
UNC_M_WR_CAS_RANK6.BANK13,,,,,,
UNC_M_WR_CAS_RANK6.BANK14,,,,,,
UNC_M_WR_CAS_RANK6.BANK15,,,,,,
UNC_M_WR_CAS_RANK6.BANKG0,,,,,,
UNC_M_WR_CAS_RANK6.BANKG1,,,,,,
UNC_M_WR_CAS_RANK6.BANKG2,,,,,,
UNC_M_WR_CAS_RANK6.BANKG3,,,,,,
UNC_M_WR_CAS_RANK7.BANK1,,,,,,
UNC_M_WR_CAS_RANK7.BANK2,,,,,,
UNC_M_WR_CAS_RANK7.BANK4,,,,,,
UNC_M_WR_CAS_RANK7.BANK8,,,,,,
UNC_M_WR_CAS_RANK7.ALLBANKS,,,,,,
UNC_M_WR_CAS_RANK7.BANK0,,,,,,
UNC_M_WR_CAS_RANK7.BANK3,,,,,,
UNC_M_WR_CAS_RANK7.BANK5,,,,,,
UNC_M_WR_CAS_RANK7.BANK6,,,,,,
UNC_M_WR_CAS_RANK7.BANK7,,,,,,
UNC_M_WR_CAS_RANK7.BANK9,,,,,,
UNC_M_WR_CAS_RANK7.BANK10,,,,,,
UNC_M_WR_CAS_RANK7.BANK11,,,,,,
UNC_M_WR_CAS_RANK7.BANK12,,,,,,
UNC_M_WR_CAS_RANK7.BANK13,,,,,,
UNC_M_WR_CAS_RANK7.BANK14,,,,,,
UNC_M_WR_CAS_RANK7.BANK15,,,,,,
UNC_M_WR_CAS_RANK7.BANKG0,,,,,,
UNC_M_WR_CAS_RANK7.BANKG1,,,,,,
UNC_M_WR_CAS_RANK7.BANKG2,,,,,,
UNC_M_WR_CAS_RANK7.BANKG3,,,,,,
UNC_M_CLOCKTICKS_P,,,,,,
UNC_M_CLOCKTICKS,,,,,,
